"month";"total_cost_rub";"campaign_type";"source_medium";"user_id_cnt"
2022-10-01 00:00:00.000;197.86;click;android / mobile_app;3
2022-10-01 00:00:00.000;187.63;click;bing / organic;2
2022-10-01 00:00:00.000;0.0;click;email / email;1
2022-10-01 00:00:00.000;218.66;click;finance.rambler.ru / cpm;1
2022-10-01 00:00:00.000;635.54;click;google / organic;9
2022-10-01 00:00:00.000;375.18;click;ios / mobile_app;12
2022-10-01 00:00:00.000;0.0;click;regular / email;1
2022-10-01 00:00:00.000;195.82;click;regular / sms;1
2022-10-01 00:00:00.000;194.88;click;ru.android.bankproduct / mobile_app;2
2022-10-01 00:00:00.000;0.0;click;ru.android.bankproduct_rustore / mobile_app;1
2022-10-01 00:00:00.000;0.0;click;vk / cpc;2
2022-10-01 00:00:00.000;0.0;click;ya.ru / cpc;1
2022-10-01 00:00:00.000;432.13;click;yandex / cpc;9
2022-10-01 00:00:00.000;609.41;click;yandex / organic;15
2022-10-01 00:00:00.000;;conversion;email / email;1
2022-10-01 00:00:00.000;0.0;conversion;google / organic;3
2022-10-01 00:00:00.000;0.0;conversion;vk / cpc;1
2022-10-01 00:00:00.000;0.0;conversion;yandex / cpc;2
2022-10-01 00:00:00.000;3694.75;conversion;yandex / organic;3
2022-10-01 00:00:00.000;0.0;conversion;zen.yandex.ru / cpm;2
2022-10-01 00:00:00.000;1937187.0;media;finance.rambler.ru / cpm;1
2022-10-01 00:00:00.000;;show;android / mobile_app;13
2022-10-01 00:00:00.000;;show;email / email;18
2022-10-01 00:00:00.000;;show;finance.rambler.ru / cpm;2
2022-10-01 00:00:00.000;;show;google / organic;57
2022-10-01 00:00:00.000;;show;ios / mobile_app;32
2022-10-01 00:00:00.000;;show;not-set / none;6
2022-10-01 00:00:00.000;;show;pikabu.ru / cpm;3
2022-10-01 00:00:00.000;;show;regular / email;2
2022-10-01 00:00:00.000;;show;regular / sms;4
2022-10-01 00:00:00.000;;show;ru.android.bankproduct / mobile_app;15
2022-10-01 00:00:00.000;;show;ru.android.bankproduct_rustore / mobile_app;4
2022-10-01 00:00:00.000;;show;trigger / sms;3
2022-10-01 00:00:00.000;;show;vk / cpc;17
2022-10-01 00:00:00.000;;show;web.telegram.org / referral ;3
2022-10-01 00:00:00.000;;show;ya.ru / cpc;9
2022-10-01 00:00:00.000;;show;yahoo / organic;3
2022-10-01 00:00:00.000;;show;yandex / cpc;30
2022-10-01 00:00:00.000;;show;yandex / organic;56
2022-10-01 00:00:00.000;;show;zen.yandex.ru / cpm;3
2022-11-01 00:00:00.000;7273.18;click;android / mobile_app;178
2022-11-01 00:00:00.000;1371.10;click;bing / organic;37
2022-11-01 00:00:00.000;8186.21;click;email / email;188
2022-11-01 00:00:00.000;1971.63;click;finance.rambler.ru / cpm;33
2022-11-01 00:00:00.000;32618.68;click;google / organic;784
2022-11-01 00:00:00.000;20039.63;click;ios / mobile_app;477
2022-11-01 00:00:00.000;961.44;click;not-set / none;28
2022-11-01 00:00:00.000;990.14;click;pikabu.ru / cpm;30
2022-11-01 00:00:00.000;1873.41;click;regular / email;41
2022-11-01 00:00:00.000;833.58;click;regular / sms;34
2022-11-01 00:00:00.000;2266.02;click;ru.android.bankproduct / mobile_app;90
2022-11-01 00:00:00.000;1700.73;click;ru.android.bankproduct_rustore / mobile_app;38
2022-11-01 00:00:00.000;2308.92;click;trigger / sms;41
2022-11-01 00:00:00.000;6809.50;click;vk / cpc;182
2022-11-01 00:00:00.000;1166.17;click;web.telegram.org / referral ;45
2022-11-01 00:00:00.000;4124.95;click;ya.ru / cpc;102
2022-11-01 00:00:00.000;1323.56;click;yahoo / organic;35
2022-11-01 00:00:00.000;13632.13;click;yandex / cpc;341
2022-11-01 00:00:00.000;25857.90;click;yandex / organic;808
2022-11-01 00:00:00.000;1183.48;click;zen.yandex.ru / cpm;28
2022-11-01 00:00:00.000;18809.87;conversion;android / mobile_app;41
2022-11-01 00:00:00.000;1636.09;conversion;bing / organic;9
2022-11-01 00:00:00.000;23535.33;conversion;email / email;46
2022-11-01 00:00:00.000;538.07;conversion;finance.rambler.ru / cpm;9
2022-11-01 00:00:00.000;55069.61;conversion;google / organic;154
2022-11-01 00:00:00.000;20187.79;conversion;ios / mobile_app;103
2022-11-01 00:00:00.000;3713.32;conversion;not-set / none;7
2022-11-01 00:00:00.000;0.0;conversion;pikabu.ru / cpm;3
2022-11-01 00:00:00.000;467.14;conversion;regular / email;5
2022-11-01 00:00:00.000;349.71;conversion;regular / sms;12
2022-11-01 00:00:00.000;10072.34;conversion;ru.android.bankproduct / mobile_app;23
2022-11-01 00:00:00.000;1376.04;conversion;ru.android.bankproduct_rustore / mobile_app;9
2022-11-01 00:00:00.000;0.0;conversion;trigger / sms;7
2022-11-01 00:00:00.000;11892.79;conversion;vk / cpc;51
2022-11-01 00:00:00.000;7729.64;conversion;web.telegram.org / referral ;7
2022-11-01 00:00:00.000;20149.30;conversion;ya.ru / cpc;27
2022-11-01 00:00:00.000;7816.62;conversion;yahoo / organic;15
2022-11-01 00:00:00.000;4625.21;conversion;yandex / cpc;70
2022-11-01 00:00:00.000;66333.51;conversion;yandex / organic;172
2022-11-01 00:00:00.000;751.38;conversion;zen.yandex.ru / cpm;8
2022-11-01 00:00:00.000;1986516.0;media;finance.rambler.ru / cpm;1
2022-11-01 00:00:00.000;3909959.0;media;som_adv / cpm;2
2022-11-01 00:00:00.000;;show;android / mobile_app;707
2022-11-01 00:00:00.000;;show;bing / organic;155
2022-11-01 00:00:00.000;;show;email / email;660
2022-11-01 00:00:00.000;;show;finance.rambler.ru / cpm;155
2022-11-01 00:00:00.000;;show;google / organic;3138
2022-11-01 00:00:00.000;;show;ios / mobile_app;1992
2022-11-01 00:00:00.000;;show;not-set / none;140
2022-11-01 00:00:00.000;;show;pikabu.ru / cpm;154
2022-11-01 00:00:00.000;;show;regular / email;150
2022-11-01 00:00:00.000;;show;regular / sms;147
2022-11-01 00:00:00.000;;show;ru.android.bankproduct / mobile_app;470
2022-11-01 00:00:00.000;;show;ru.android.bankproduct_rustore / mobile_app;127
2022-11-01 00:00:00.000;;show;trigger / sms;145
2022-11-01 00:00:00.000;;show;vk / cpc;697
2022-11-01 00:00:00.000;;show;web.telegram.org / referral ;140
2022-11-01 00:00:00.000;;show;ya.ru / cpc;413
2022-11-01 00:00:00.000;;show;yahoo / organic;142
2022-11-01 00:00:00.000;;show;yandex / cpc;1497
2022-11-01 00:00:00.000;;show;yandex / organic;3270
2022-11-01 00:00:00.000;;show;zen.yandex.ru / cpm;144
2022-12-01 00:00:00.000;73865.76;click;android / mobile_app;1904
2022-12-01 00:00:00.000;16195.37;click;bing / organic;390
2022-12-01 00:00:00.000;77291.93;click;email / email;1917
2022-12-01 00:00:00.000;14100.97;click;finance.rambler.ru / cpm;382
2022-12-01 00:00:00.000;318489.44;click;google / organic;8116
2022-12-01 00:00:00.000;180758.95;click;ios / mobile_app;4814
2022-12-01 00:00:00.000;12346.61;click;not-set / none;352
2022-12-01 00:00:00.000;14799.13;click;pikabu.ru / cpm;393
2022-12-01 00:00:00.000;14349.66;click;regular / email;371
2022-12-01 00:00:00.000;14624.67;click;regular / sms;379
2022-12-01 00:00:00.000;42762.98;click;ru.android.bankproduct / mobile_app;1112
2022-12-01 00:00:00.000;12239.19;click;ru.android.bankproduct_rustore / mobile_app;331
2022-12-01 00:00:00.000;16821.30;click;trigger / sms;381
2022-12-01 00:00:00.000;68234.54;click;vk / cpc;1838
2022-12-01 00:00:00.000;12370.78;click;web.telegram.org / referral ;387
2022-12-01 00:00:00.000;42124.13;click;ya.ru / cpc;1131
2022-12-01 00:00:00.000;15871.47;click;yahoo / organic;365
2022-12-01 00:00:00.000;146681.48;click;yandex / cpc;3755
2022-12-01 00:00:00.000;333123.07;click;yandex / organic;8517
2022-12-01 00:00:00.000;16669.75;click;zen.yandex.ru / cpm;382
2022-12-01 00:00:00.000;176334.89;conversion;android / mobile_app;375
2022-12-01 00:00:00.000;33893.76;conversion;bing / organic;97
2022-12-01 00:00:00.000;208964.49;conversion;email / email;401
2022-12-01 00:00:00.000;17156.15;conversion;finance.rambler.ru / cpm;79
2022-12-01 00:00:00.000;791010.45;conversion;google / organic;1759
2022-12-01 00:00:00.000;424632.66;conversion;ios / mobile_app;1057
2022-12-01 00:00:00.000;47709.77;conversion;not-set / none;89
2022-12-01 00:00:00.000;26599.58;conversion;pikabu.ru / cpm;77
2022-12-01 00:00:00.000;27858.89;conversion;regular / email;71
2022-12-01 00:00:00.000;22651.79;conversion;regular / sms;80
2022-12-01 00:00:00.000;70859.74;conversion;ru.android.bankproduct / mobile_app;249
2022-12-01 00:00:00.000;26968.70;conversion;ru.android.bankproduct_rustore / mobile_app;72
2022-12-01 00:00:00.000;32234.41;conversion;trigger / sms;88
2022-12-01 00:00:00.000;178653.76;conversion;vk / cpc;436
2022-12-01 00:00:00.000;47064.79;conversion;web.telegram.org / referral ;83
2022-12-01 00:00:00.000;81614.39;conversion;ya.ru / cpc;262
2022-12-01 00:00:00.000;34523.84;conversion;yahoo / organic;74
2022-12-01 00:00:00.000;303374.45;conversion;yandex / cpc;798
2022-12-01 00:00:00.000;705653.40;conversion;yandex / organic;1916
2022-12-01 00:00:00.000;45539.03;conversion;zen.yandex.ru / cpm;76
2022-12-01 00:00:00.000;13794098.0;media;som_adv / cpm;7
2022-12-01 00:00:00.000;7967933.0;media;zen.yandex.ru / cpm;4
2022-12-01 00:00:00.000;;show;android / mobile_app;7544
2022-12-01 00:00:00.000;;show;bing / organic;1510
2022-12-01 00:00:00.000;;show;email / email;7562
2022-12-01 00:00:00.000;;show;finance.rambler.ru / cpm;1503
2022-12-01 00:00:00.000;;show;google / organic;32806
2022-12-01 00:00:00.000;;show;ios / mobile_app;19369
2022-12-01 00:00:00.000;;show;not-set / none;1535
2022-12-01 00:00:00.000;;show;pikabu.ru / cpm;1559
2022-12-01 00:00:00.000;;show;regular / email;1530
2022-12-01 00:00:00.000;;show;regular / sms;1525
2022-12-01 00:00:00.000;;show;ru.android.bankproduct / mobile_app;4501
2022-12-01 00:00:00.000;;show;ru.android.bankproduct_rustore / mobile_app;1518
2022-12-01 00:00:00.000;;show;trigger / sms;1453
2022-12-01 00:00:00.000;;show;vk / cpc;7458
2022-12-01 00:00:00.000;;show;web.telegram.org / referral ;1493
2022-12-01 00:00:00.000;;show;ya.ru / cpc;4449
2022-12-01 00:00:00.000;;show;yahoo / organic;1520
2022-12-01 00:00:00.000;;show;yandex / cpc;14746
2022-12-01 00:00:00.000;;show;yandex / organic;33949
2022-12-01 00:00:00.000;;show;zen.yandex.ru / cpm;1501
2023-01-01 00:00:00.000;243516.54;click;android / mobile_app;6038
2023-01-01 00:00:00.000;43690.81;click;bing / organic;1224
2023-01-01 00:00:00.000;251762.35;click;email / email;6198
2023-01-01 00:00:00.000;51404.65;click;finance.rambler.ru / cpm;1236
2023-01-01 00:00:00.000;1024289.38;click;google / organic;26615
2023-01-01 00:00:00.000;628265.72;click;ios / mobile_app;15835
2023-01-01 00:00:00.000;46660.11;click;not-set / none;1203
2023-01-01 00:00:00.000;46977.79;click;pikabu.ru / cpm;1217
2023-01-01 00:00:00.000;48354.02;click;regular / email;1257
2023-01-01 00:00:00.000;42342.82;click;regular / sms;1246
2023-01-01 00:00:00.000;139829.20;click;ru.android.bankproduct / mobile_app;3622
2023-01-01 00:00:00.000;42017.58;click;ru.android.bankproduct_rustore / mobile_app;1115
2023-01-01 00:00:00.000;47420.87;click;trigger / sms;1203
2023-01-01 00:00:00.000;238160.67;click;vk / cpc;5985
2023-01-01 00:00:00.000;46138.20;click;web.telegram.org / referral ;1234
2023-01-01 00:00:00.000;143565.30;click;ya.ru / cpc;3665
2023-01-01 00:00:00.000;50298.94;click;yahoo / organic;1217
2023-01-01 00:00:00.000;480619.85;click;yandex / cpc;12029
2023-01-01 00:00:00.000;1094569.48;click;yandex / organic;27767
2023-01-01 00:00:00.000;49779.90;click;zen.yandex.ru / cpm;1212
2023-01-01 00:00:00.000;533008.98;conversion;android / mobile_app;1337
2023-01-01 00:00:00.000;113861.34;conversion;bing / organic;251
2023-01-01 00:00:00.000;486892.16;conversion;email / email;1361
2023-01-01 00:00:00.000;106018.29;conversion;finance.rambler.ru / cpm;270
2023-01-01 00:00:00.000;2304353.73;conversion;google / organic;5829
2023-01-01 00:00:00.000;1344963.72;conversion;ios / mobile_app;3433
2023-01-01 00:00:00.000;132690.77;conversion;not-set / none;258
2023-01-01 00:00:00.000;101261.04;conversion;pikabu.ru / cpm;271
2023-01-01 00:00:00.000;101686.42;conversion;regular / email;300
2023-01-01 00:00:00.000;79249.17;conversion;regular / sms;241
2023-01-01 00:00:00.000;338258.14;conversion;ru.android.bankproduct / mobile_app;782
2023-01-01 00:00:00.000;113923.40;conversion;ru.android.bankproduct_rustore / mobile_app;257
2023-01-01 00:00:00.000;122500.56;conversion;trigger / sms;261
2023-01-01 00:00:00.000;552618.31;conversion;vk / cpc;1293
2023-01-01 00:00:00.000;82777.34;conversion;web.telegram.org / referral ;248
2023-01-01 00:00:00.000;294611.08;conversion;ya.ru / cpc;772
2023-01-01 00:00:00.000;111628.38;conversion;yahoo / organic;269
2023-01-01 00:00:00.000;1008415.19;conversion;yandex / cpc;2617
2023-01-01 00:00:00.000;2448303.92;conversion;yandex / organic;6277
2023-01-01 00:00:00.000;84767.99;conversion;zen.yandex.ru / cpm;278
2023-01-01 00:00:00.000;10001389.0;media;som_adv / cpm;5
2023-01-01 00:00:00.000;4094620.0;media;zen.yandex.ru / cpm;2
2023-01-01 00:00:00.000;;show;android / mobile_app;24170
2023-01-01 00:00:00.000;;show;bing / organic;4940
2023-01-01 00:00:00.000;;show;email / email;23889
2023-01-01 00:00:00.000;;show;finance.rambler.ru / cpm;4833
2023-01-01 00:00:00.000;;show;google / organic;106794
2023-01-01 00:00:00.000;;show;ios / mobile_app;62985
2023-01-01 00:00:00.000;;show;not-set / none;4850
2023-01-01 00:00:00.000;;show;pikabu.ru / cpm;4805
2023-01-01 00:00:00.000;;show;regular / email;4892
2023-01-01 00:00:00.000;;show;regular / sms;4778
2023-01-01 00:00:00.000;;show;ru.android.bankproduct / mobile_app;14627
2023-01-01 00:00:00.000;;show;ru.android.bankproduct_rustore / mobile_app;4711
2023-01-01 00:00:00.000;;show;trigger / sms;4879
2023-01-01 00:00:00.000;;show;vk / cpc;24322
2023-01-01 00:00:00.000;;show;web.telegram.org / referral ;4814
2023-01-01 00:00:00.000;;show;ya.ru / cpc;14518
2023-01-01 00:00:00.000;;show;yahoo / organic;4842
2023-01-01 00:00:00.000;;show;yandex / cpc;48349
2023-01-01 00:00:00.000;;show;yandex / organic;111261
2023-01-01 00:00:00.000;;show;zen.yandex.ru / cpm;4841
2023-02-01 00:00:00.000;282521.52;click;android / mobile_app;7403
2023-02-01 00:00:00.000;62691.34;click;bing / organic;1518
2023-02-01 00:00:00.000;271680.70;click;email / email;7352
2023-02-01 00:00:00.000;59104.46;click;finance.rambler.ru / cpm;1458
2023-02-01 00:00:00.000;1270827.47;click;google / organic;32446
2023-02-01 00:00:00.000;752955.55;click;ios / mobile_app;19251
2023-02-01 00:00:00.000;60242.13;click;not-set / none;1499
2023-02-01 00:00:00.000;52324.58;click;pikabu.ru / cpm;1404
2023-02-01 00:00:00.000;54890.74;click;regular / email;1451
2023-02-01 00:00:00.000;61078.40;click;regular / sms;1557
2023-02-01 00:00:00.000;166519.37;click;ru.android.bankproduct / mobile_app;4375
2023-02-01 00:00:00.000;59051.15;click;ru.android.bankproduct_rustore / mobile_app;1538
2023-02-01 00:00:00.000;51520.12;click;trigger / sms;1492
2023-02-01 00:00:00.000;283451.94;click;vk / cpc;7346
2023-02-01 00:00:00.000;54180.66;click;web.telegram.org / referral ;1462
2023-02-01 00:00:00.000;173941.87;click;ya.ru / cpc;4404
2023-02-01 00:00:00.000;55155.59;click;yahoo / organic;1467
2023-02-01 00:00:00.000;568264.60;click;yandex / cpc;14548
2023-02-01 00:00:00.000;1316178.57;click;yandex / organic;33507
2023-02-01 00:00:00.000;54889.92;click;zen.yandex.ru / cpm;1441
2023-02-01 00:00:00.000;633841.16;conversion;android / mobile_app;1567
2023-02-01 00:00:00.000;115704.39;conversion;bing / organic;313
2023-02-01 00:00:00.000;585747.90;conversion;email / email;1696
2023-02-01 00:00:00.000;143465.61;conversion;finance.rambler.ru / cpm;313
2023-02-01 00:00:00.000;2651403.30;conversion;google / organic;7162
2023-02-01 00:00:00.000;1687913.28;conversion;ios / mobile_app;4218
2023-02-01 00:00:00.000;107663.17;conversion;not-set / none;304
2023-02-01 00:00:00.000;109560.02;conversion;pikabu.ru / cpm;359
2023-02-01 00:00:00.000;119615.10;conversion;regular / email;305
2023-02-01 00:00:00.000;147265.94;conversion;regular / sms;349
2023-02-01 00:00:00.000;434719.65;conversion;ru.android.bankproduct / mobile_app;989
2023-02-01 00:00:00.000;122850.47;conversion;ru.android.bankproduct_rustore / mobile_app;322
2023-02-01 00:00:00.000;136664.83;conversion;trigger / sms;314
2023-02-01 00:00:00.000;631756.05;conversion;vk / cpc;1637
2023-02-01 00:00:00.000;106286.77;conversion;web.telegram.org / referral ;324
2023-02-01 00:00:00.000;341413.31;conversion;ya.ru / cpc;957
2023-02-01 00:00:00.000;128932.36;conversion;yahoo / organic;352
2023-02-01 00:00:00.000;1291029.85;conversion;yandex / cpc;3228
2023-02-01 00:00:00.000;2973523.42;conversion;yandex / organic;7449
2023-02-01 00:00:00.000;134224.52;conversion;zen.yandex.ru / cpm;330
2023-02-01 00:00:00.000;2027304.0;media;finance.rambler.ru / cpm;1
2023-02-01 00:00:00.000;6075237.0;media;som_adv / cpm;3
2023-02-01 00:00:00.000;2078787.0;media;zen.yandex.ru / cpm;1
2023-02-01 00:00:00.000;;show;android / mobile_app;29379
2023-02-01 00:00:00.000;;show;bing / organic;5883
2023-02-01 00:00:00.000;;show;email / email;29514
2023-02-01 00:00:00.000;;show;finance.rambler.ru / cpm;5884
2023-02-01 00:00:00.000;;show;google / organic;129752
2023-02-01 00:00:00.000;;show;ios / mobile_app;76359
2023-02-01 00:00:00.000;;show;not-set / none;5963
2023-02-01 00:00:00.000;;show;pikabu.ru / cpm;5907
2023-02-01 00:00:00.000;;show;regular / email;6000
2023-02-01 00:00:00.000;;show;regular / sms;5866
2023-02-01 00:00:00.000;;show;ru.android.bankproduct / mobile_app;17652
2023-02-01 00:00:00.000;;show;ru.android.bankproduct_rustore / mobile_app;5882
2023-02-01 00:00:00.000;;show;trigger / sms;5898
2023-02-01 00:00:00.000;;show;vk / cpc;29533
2023-02-01 00:00:00.000;;show;web.telegram.org / referral ;5887
2023-02-01 00:00:00.000;;show;ya.ru / cpc;17702
2023-02-01 00:00:00.000;;show;yahoo / organic;5811
2023-02-01 00:00:00.000;;show;yandex / cpc;58965
2023-02-01 00:00:00.000;;show;yandex / organic;135548
2023-02-01 00:00:00.000;;show;zen.yandex.ru / cpm;5729
2023-03-01 00:00:00.000;304813.50;click;android / mobile_app;8205
2023-03-01 00:00:00.000;69923.13;click;bing / organic;1642
2023-03-01 00:00:00.000;311587.21;click;email / email;8251
2023-03-01 00:00:00.000;57900.87;click;finance.rambler.ru / cpm;1605
2023-03-01 00:00:00.000;1389046.20;click;google / organic;35782
2023-03-01 00:00:00.000;828234.70;click;ios / mobile_app;21152
2023-03-01 00:00:00.000;65497.01;click;not-set / none;1588
2023-03-01 00:00:00.000;73059.44;click;pikabu.ru / cpm;1631
2023-03-01 00:00:00.000;66826.77;click;regular / email;1646
2023-03-01 00:00:00.000;59159.81;click;regular / sms;1648
2023-03-01 00:00:00.000;188153.61;click;ru.android.bankproduct / mobile_app;4818
2023-03-01 00:00:00.000;68170.96;click;ru.android.bankproduct_rustore / mobile_app;1657
2023-03-01 00:00:00.000;63004.96;click;trigger / sms;1658
2023-03-01 00:00:00.000;329714.46;click;vk / cpc;8142
2023-03-01 00:00:00.000;61889.24;click;web.telegram.org / referral ;1608
2023-03-01 00:00:00.000;195581.29;click;ya.ru / cpc;4948
2023-03-01 00:00:00.000;64813.65;click;yahoo / organic;1652
2023-03-01 00:00:00.000;632485.60;click;yandex / cpc;16288
2023-03-01 00:00:00.000;1480829.43;click;yandex / organic;37670
2023-03-01 00:00:00.000;61176.80;click;zen.yandex.ru / cpm;1638
2023-03-01 00:00:00.000;788780.91;conversion;android / mobile_app;1790
2023-03-01 00:00:00.000;174487.05;conversion;bing / organic;395
2023-03-01 00:00:00.000;578095.35;conversion;email / email;1770
2023-03-01 00:00:00.000;169595.10;conversion;finance.rambler.ru / cpm;333
2023-03-01 00:00:00.000;3108416.08;conversion;google / organic;7953
2023-03-01 00:00:00.000;1793744.73;conversion;ios / mobile_app;4632
2023-03-01 00:00:00.000;137208.34;conversion;not-set / none;325
2023-03-01 00:00:00.000;180709.98;conversion;pikabu.ru / cpm;369
2023-03-01 00:00:00.000;117380.38;conversion;regular / email;352
2023-03-01 00:00:00.000;165170.77;conversion;regular / sms;390
2023-03-01 00:00:00.000;398566.77;conversion;ru.android.bankproduct / mobile_app;1064
2023-03-01 00:00:00.000;141901.62;conversion;ru.android.bankproduct_rustore / mobile_app;344
2023-03-01 00:00:00.000;138983.61;conversion;trigger / sms;340
2023-03-01 00:00:00.000;669122.73;conversion;vk / cpc;1741
2023-03-01 00:00:00.000;131493.16;conversion;web.telegram.org / referral ;355
2023-03-01 00:00:00.000;407036.15;conversion;ya.ru / cpc;1082
2023-03-01 00:00:00.000;175120.69;conversion;yahoo / organic;345
2023-03-01 00:00:00.000;1236858.87;conversion;yandex / cpc;3432
2023-03-01 00:00:00.000;3012282.47;conversion;yandex / organic;8080
2023-03-01 00:00:00.000;174409.99;conversion;zen.yandex.ru / cpm;382
2023-03-01 00:00:00.000;2062780.0;media;pikabu.ru / cpm;1
2023-03-01 00:00:00.000;10046488.0;media;som_adv / cpm;5
2023-03-01 00:00:00.000;2075376.0;media;zen.yandex.ru / cpm;1
2023-03-01 00:00:00.000;;show;android / mobile_app;32551
2023-03-01 00:00:00.000;;show;bing / organic;6499
2023-03-01 00:00:00.000;;show;email / email;32320
2023-03-01 00:00:00.000;;show;finance.rambler.ru / cpm;6484
2023-03-01 00:00:00.000;;show;google / organic;142676
2023-03-01 00:00:00.000;;show;ios / mobile_app;84675
2023-03-01 00:00:00.000;;show;not-set / none;6416
2023-03-01 00:00:00.000;;show;pikabu.ru / cpm;6512
2023-03-01 00:00:00.000;;show;regular / email;6572
2023-03-01 00:00:00.000;;show;regular / sms;6552
2023-03-01 00:00:00.000;;show;ru.android.bankproduct / mobile_app;19623
2023-03-01 00:00:00.000;;show;ru.android.bankproduct_rustore / mobile_app;6554
2023-03-01 00:00:00.000;;show;trigger / sms;6564
2023-03-01 00:00:00.000;;show;vk / cpc;32361
2023-03-01 00:00:00.000;;show;web.telegram.org / referral ;6484
2023-03-01 00:00:00.000;;show;ya.ru / cpc;19682
2023-03-01 00:00:00.000;;show;yahoo / organic;6527
2023-03-01 00:00:00.000;;show;yandex / cpc;64952
2023-03-01 00:00:00.000;;show;yandex / organic;149601
2023-03-01 00:00:00.000;;show;zen.yandex.ru / cpm;6472
2023-04-01 00:00:00.000;307201.03;click;android / mobile_app;7798
2023-04-01 00:00:00.000;56650.32;click;bing / organic;1498
2023-04-01 00:00:00.000;298392.70;click;email / email;7733
2023-04-01 00:00:00.000;63889.07;click;finance.rambler.ru / cpm;1580
2023-04-01 00:00:00.000;1353949.47;click;google / organic;34582
2023-04-01 00:00:00.000;806697.76;click;ios / mobile_app;20359
2023-04-01 00:00:00.000;61222.24;click;not-set / none;1584
2023-04-01 00:00:00.000;63908.32;click;pikabu.ru / cpm;1606
2023-04-01 00:00:00.000;58433.10;click;regular / email;1593
2023-04-01 00:00:00.000;65085.30;click;regular / sms;1592
2023-04-01 00:00:00.000;185821.64;click;ru.android.bankproduct / mobile_app;4710
2023-04-01 00:00:00.000;62151.66;click;ru.android.bankproduct_rustore / mobile_app;1548
2023-04-01 00:00:00.000;63270.13;click;trigger / sms;1572
2023-04-01 00:00:00.000;314177.89;click;vk / cpc;7913
2023-04-01 00:00:00.000;59476.65;click;web.telegram.org / referral ;1584
2023-04-01 00:00:00.000;186506.52;click;ya.ru / cpc;4711
2023-04-01 00:00:00.000;61045.35;click;yahoo / organic;1616
2023-04-01 00:00:00.000;615185.63;click;yandex / cpc;15642
2023-04-01 00:00:00.000;1421138.25;click;yandex / organic;36269
2023-04-01 00:00:00.000;67344.64;click;zen.yandex.ru / cpm;1659
2023-04-01 00:00:00.000;600156.84;conversion;android / mobile_app;1730
2023-04-01 00:00:00.000;132824.88;conversion;bing / organic;348
2023-04-01 00:00:00.000;748557.09;conversion;email / email;1721
2023-04-01 00:00:00.000;118982.70;conversion;finance.rambler.ru / cpm;311
2023-04-01 00:00:00.000;3009786.51;conversion;google / organic;7502
2023-04-01 00:00:00.000;1806342.94;conversion;ios / mobile_app;4449
2023-04-01 00:00:00.000;80614.43;conversion;not-set / none;324
2023-04-01 00:00:00.000;110871.02;conversion;pikabu.ru / cpm;331
2023-04-01 00:00:00.000;89782.24;conversion;regular / email;348
2023-04-01 00:00:00.000;100121.59;conversion;regular / sms;342
2023-04-01 00:00:00.000;436223.05;conversion;ru.android.bankproduct / mobile_app;1032
2023-04-01 00:00:00.000;120764.98;conversion;ru.android.bankproduct_rustore / mobile_app;328
2023-04-01 00:00:00.000;177645.37;conversion;trigger / sms;349
2023-04-01 00:00:00.000;733059.02;conversion;vk / cpc;1725
2023-04-01 00:00:00.000;123005.64;conversion;web.telegram.org / referral ;345
2023-04-01 00:00:00.000;501338.14;conversion;ya.ru / cpc;1137
2023-04-01 00:00:00.000;158929.91;conversion;yahoo / organic;377
2023-04-01 00:00:00.000;1266842.38;conversion;yandex / cpc;3331
2023-04-01 00:00:00.000;3105936.42;conversion;yandex / organic;7884
2023-04-01 00:00:00.000;126882.97;conversion;zen.yandex.ru / cpm;382
2023-04-01 00:00:00.000;2034197.0;media;finance.rambler.ru / cpm;1
2023-04-01 00:00:00.000;12322563.0;media;som_adv / cpm;6
2023-04-01 00:00:00.000;1965778.0;media;zen.yandex.ru / cpm;1
2023-04-01 00:00:00.000;;show;android / mobile_app;31434
2023-04-01 00:00:00.000;;show;bing / organic;6479
2023-04-01 00:00:00.000;;show;email / email;31633
2023-04-01 00:00:00.000;;show;finance.rambler.ru / cpm;6428
2023-04-01 00:00:00.000;;show;google / organic;139022
2023-04-01 00:00:00.000;;show;ios / mobile_app;81904
2023-04-01 00:00:00.000;;show;not-set / none;6407
2023-04-01 00:00:00.000;;show;pikabu.ru / cpm;6226
2023-04-01 00:00:00.000;;show;regular / email;6248
2023-04-01 00:00:00.000;;show;regular / sms;6357
2023-04-01 00:00:00.000;;show;ru.android.bankproduct / mobile_app;18825
2023-04-01 00:00:00.000;;show;ru.android.bankproduct_rustore / mobile_app;6352
2023-04-01 00:00:00.000;;show;trigger / sms;6351
2023-04-01 00:00:00.000;;show;vk / cpc;31583
2023-04-01 00:00:00.000;;show;web.telegram.org / referral ;6236
2023-04-01 00:00:00.000;;show;ya.ru / cpc;18857
2023-04-01 00:00:00.000;;show;yahoo / organic;6504
2023-04-01 00:00:00.000;;show;yandex / cpc;62654
2023-04-01 00:00:00.000;;show;yandex / organic;144974
2023-04-01 00:00:00.000;;show;zen.yandex.ru / cpm;6289
2023-05-01 00:00:00.000;320733.50;click;android / mobile_app;8265
2023-05-01 00:00:00.000;60019.99;click;bing / organic;1606
2023-05-01 00:00:00.000;314703.46;click;email / email;8058
2023-05-01 00:00:00.000;65681.70;click;finance.rambler.ru / cpm;1682
2023-05-01 00:00:00.000;1376600.79;click;google / organic;35812
2023-05-01 00:00:00.000;827437.00;click;ios / mobile_app;21043
2023-05-01 00:00:00.000;61136.50;click;not-set / none;1678
2023-05-01 00:00:00.000;65861.42;click;pikabu.ru / cpm;1655
2023-05-01 00:00:00.000;64867.44;click;regular / email;1684
2023-05-01 00:00:00.000;63969.45;click;regular / sms;1562
2023-05-01 00:00:00.000;192797.85;click;ru.android.bankproduct / mobile_app;4698
2023-05-01 00:00:00.000;62116.60;click;ru.android.bankproduct_rustore / mobile_app;1633
2023-05-01 00:00:00.000;67237.94;click;trigger / sms;1606
2023-05-01 00:00:00.000;307323.73;click;vk / cpc;8130
2023-05-01 00:00:00.000;65481.85;click;web.telegram.org / referral ;1641
2023-05-01 00:00:00.000;197302.35;click;ya.ru / cpc;4884
2023-05-01 00:00:00.000;64112.57;click;yahoo / organic;1632
2023-05-01 00:00:00.000;614824.33;click;yandex / cpc;16093
2023-05-01 00:00:00.000;1444153.10;click;yandex / organic;37174
2023-05-01 00:00:00.000;62953.16;click;zen.yandex.ru / cpm;1677
2023-05-01 00:00:00.000;718310.35;conversion;android / mobile_app;1827
2023-05-01 00:00:00.000;128427.59;conversion;bing / organic;361
2023-05-01 00:00:00.000;670770.96;conversion;email / email;1799
2023-05-01 00:00:00.000;116295.06;conversion;finance.rambler.ru / cpm;359
2023-05-01 00:00:00.000;3170091.16;conversion;google / organic;7889
2023-05-01 00:00:00.000;1929133.12;conversion;ios / mobile_app;4490
2023-05-01 00:00:00.000;145571.14;conversion;not-set / none;341
2023-05-01 00:00:00.000;136997.20;conversion;pikabu.ru / cpm;351
2023-05-01 00:00:00.000;137245.11;conversion;regular / email;365
2023-05-01 00:00:00.000;158097.84;conversion;regular / sms;362
2023-05-01 00:00:00.000;382075.30;conversion;ru.android.bankproduct / mobile_app;1092
2023-05-01 00:00:00.000;95650.97;conversion;ru.android.bankproduct_rustore / mobile_app;343
2023-05-01 00:00:00.000;153585.61;conversion;trigger / sms;360
2023-05-01 00:00:00.000;668985.89;conversion;vk / cpc;1712
2023-05-01 00:00:00.000;126563.50;conversion;web.telegram.org / referral ;385
2023-05-01 00:00:00.000;499168.60;conversion;ya.ru / cpc;1078
2023-05-01 00:00:00.000;148153.40;conversion;yahoo / organic;358
2023-05-01 00:00:00.000;1417215.63;conversion;yandex / cpc;3523
2023-05-01 00:00:00.000;3160289.86;conversion;yandex / organic;8239
2023-05-01 00:00:00.000;134218.88;conversion;zen.yandex.ru / cpm;336
2023-05-01 00:00:00.000;3778386.0;media;finance.rambler.ru / cpm;2
2023-05-01 00:00:00.000;1982119.0;media;pikabu.ru / cpm;1
2023-05-01 00:00:00.000;9766739.0;media;som_adv / cpm;5
2023-05-01 00:00:00.000;1986120.0;media;zen.yandex.ru / cpm;1
2023-05-01 00:00:00.000;;show;android / mobile_app;32203
2023-05-01 00:00:00.000;;show;bing / organic;6457
2023-05-01 00:00:00.000;;show;email / email;32258
2023-05-01 00:00:00.000;;show;finance.rambler.ru / cpm;6443
2023-05-01 00:00:00.000;;show;google / organic;143132
2023-05-01 00:00:00.000;;show;ios / mobile_app;84584
2023-05-01 00:00:00.000;;show;not-set / none;6507
2023-05-01 00:00:00.000;;show;pikabu.ru / cpm;6657
2023-05-01 00:00:00.000;;show;regular / email;6502
2023-05-01 00:00:00.000;;show;regular / sms;6712
2023-05-01 00:00:00.000;;show;ru.android.bankproduct / mobile_app;19441
2023-05-01 00:00:00.000;;show;ru.android.bankproduct_rustore / mobile_app;6497
2023-05-01 00:00:00.000;;show;trigger / sms;6429
2023-05-01 00:00:00.000;;show;vk / cpc;32250
2023-05-01 00:00:00.000;;show;web.telegram.org / referral ;6547
2023-05-01 00:00:00.000;;show;ya.ru / cpc;19529
2023-05-01 00:00:00.000;;show;yahoo / organic;6562
2023-05-01 00:00:00.000;;show;yandex / cpc;64619
2023-05-01 00:00:00.000;;show;yandex / organic;149766
2023-05-01 00:00:00.000;;show;zen.yandex.ru / cpm;6494
2023-06-01 00:00:00.000;307727.50;click;android / mobile_app;7910
2023-06-01 00:00:00.000;60231.26;click;bing / organic;1588
2023-06-01 00:00:00.000;318513.64;click;email / email;7984
2023-06-01 00:00:00.000;57449.24;click;finance.rambler.ru / cpm;1551
2023-06-01 00:00:00.000;1333619.35;click;google / organic;34578
2023-06-01 00:00:00.000;801662.08;click;ios / mobile_app;20458
2023-06-01 00:00:00.000;69108.01;click;not-set / none;1620
2023-06-01 00:00:00.000;57154.54;click;pikabu.ru / cpm;1562
2023-06-01 00:00:00.000;64382.70;click;regular / email;1594
2023-06-01 00:00:00.000;63484.29;click;regular / sms;1561
2023-06-01 00:00:00.000;188387.88;click;ru.android.bankproduct / mobile_app;4802
2023-06-01 00:00:00.000;69662.33;click;ru.android.bankproduct_rustore / mobile_app;1617
2023-06-01 00:00:00.000;58254.69;click;trigger / sms;1503
2023-06-01 00:00:00.000;299853.01;click;vk / cpc;7787
2023-06-01 00:00:00.000;66613.09;click;web.telegram.org / referral ;1613
2023-06-01 00:00:00.000;177813.48;click;ya.ru / cpc;4705
2023-06-01 00:00:00.000;63526.83;click;yahoo / organic;1588
2023-06-01 00:00:00.000;612397.99;click;yandex / cpc;15736
2023-06-01 00:00:00.000;1406075.24;click;yandex / organic;36290
2023-06-01 00:00:00.000;61625.43;click;zen.yandex.ru / cpm;1597
2023-06-01 00:00:00.000;591489.07;conversion;android / mobile_app;1728
2023-06-01 00:00:00.000;93448.90;conversion;bing / organic;359
2023-06-01 00:00:00.000;629375.02;conversion;email / email;1729
2023-06-01 00:00:00.000;154145.42;conversion;finance.rambler.ru / cpm;325
2023-06-01 00:00:00.000;3031091.77;conversion;google / organic;7473
2023-06-01 00:00:00.000;1775220.04;conversion;ios / mobile_app;4585
2023-06-01 00:00:00.000;118958.95;conversion;not-set / none;380
2023-06-01 00:00:00.000;141868.95;conversion;pikabu.ru / cpm;362
2023-06-01 00:00:00.000;102463.25;conversion;regular / email;359
2023-06-01 00:00:00.000;118077.03;conversion;regular / sms;350
2023-06-01 00:00:00.000;450154.43;conversion;ru.android.bankproduct / mobile_app;1052
2023-06-01 00:00:00.000;121842.46;conversion;ru.android.bankproduct_rustore / mobile_app;327
2023-06-01 00:00:00.000;129107.10;conversion;trigger / sms;326
2023-06-01 00:00:00.000;644937.07;conversion;vk / cpc;1710
2023-06-01 00:00:00.000;129624.86;conversion;web.telegram.org / referral ;323
2023-06-01 00:00:00.000;377047.54;conversion;ya.ru / cpc;1021
2023-06-01 00:00:00.000;137404.65;conversion;yahoo / organic;336
2023-06-01 00:00:00.000;1334050.21;conversion;yandex / cpc;3435
2023-06-01 00:00:00.000;3277106.91;conversion;yandex / organic;7987
2023-06-01 00:00:00.000;162433.59;conversion;zen.yandex.ru / cpm;340
2023-06-01 00:00:00.000;2052979.0;media;finance.rambler.ru / cpm;1
2023-06-01 00:00:00.000;1894583.0;media;pikabu.ru / cpm;1
2023-06-01 00:00:00.000;11665287.0;media;som_adv / cpm;6
2023-06-01 00:00:00.000;3947597.0;media;zen.yandex.ru / cpm;2
2023-06-01 00:00:00.000;;show;android / mobile_app;31388
2023-06-01 00:00:00.000;;show;bing / organic;6392
2023-06-01 00:00:00.000;;show;email / email;31303
2023-06-01 00:00:00.000;;show;finance.rambler.ru / cpm;6226
2023-06-01 00:00:00.000;;show;google / organic;138854
2023-06-01 00:00:00.000;;show;ios / mobile_app;81803
2023-06-01 00:00:00.000;;show;not-set / none;6338
2023-06-01 00:00:00.000;;show;pikabu.ru / cpm;6356
2023-06-01 00:00:00.000;;show;regular / email;6201
2023-06-01 00:00:00.000;;show;regular / sms;6314
2023-06-01 00:00:00.000;;show;ru.android.bankproduct / mobile_app;18842
2023-06-01 00:00:00.000;;show;ru.android.bankproduct_rustore / mobile_app;6275
2023-06-01 00:00:00.000;;show;trigger / sms;6216
2023-06-01 00:00:00.000;;show;vk / cpc;31785
2023-06-01 00:00:00.000;;show;web.telegram.org / referral ;6352
2023-06-01 00:00:00.000;;show;ya.ru / cpc;18845
2023-06-01 00:00:00.000;;show;yahoo / organic;6342
2023-06-01 00:00:00.000;;show;yandex / cpc;62949
2023-06-01 00:00:00.000;;show;yandex / organic;145013
2023-06-01 00:00:00.000;;show;zen.yandex.ru / cpm;6293
2023-07-01 00:00:00.000;323810.75;click;android / mobile_app;8107
2023-07-01 00:00:00.000;68042.94;click;bing / organic;1622
2023-07-01 00:00:00.000;299790.64;click;email / email;8015
2023-07-01 00:00:00.000;63337.01;click;finance.rambler.ru / cpm;1669
2023-07-01 00:00:00.000;1405468.45;click;google / organic;35666
2023-07-01 00:00:00.000;856051.05;click;ios / mobile_app;20968
2023-07-01 00:00:00.000;61820.51;click;not-set / none;1552
2023-07-01 00:00:00.000;67841.49;click;pikabu.ru / cpm;1637
2023-07-01 00:00:00.000;63218.80;click;regular / email;1641
2023-07-01 00:00:00.000;68372.47;click;regular / sms;1689
2023-07-01 00:00:00.000;194729.39;click;ru.android.bankproduct / mobile_app;4817
2023-07-01 00:00:00.000;66359.86;click;ru.android.bankproduct_rustore / mobile_app;1618
2023-07-01 00:00:00.000;62441.42;click;trigger / sms;1676
2023-07-01 00:00:00.000;307948.58;click;vk / cpc;8029
2023-07-01 00:00:00.000;60341.55;click;web.telegram.org / referral ;1616
2023-07-01 00:00:00.000;191732.02;click;ya.ru / cpc;4910
2023-07-01 00:00:00.000;63589.88;click;yahoo / organic;1703
2023-07-01 00:00:00.000;626242.13;click;yandex / cpc;16191
2023-07-01 00:00:00.000;1474054.16;click;yandex / organic;37448
2023-07-01 00:00:00.000;64136.40;click;zen.yandex.ru / cpm;1584
2023-07-01 00:00:00.000;711043.47;conversion;android / mobile_app;1767
2023-07-01 00:00:00.000;165793.80;conversion;bing / organic;385
2023-07-01 00:00:00.000;747624.51;conversion;email / email;1737
2023-07-01 00:00:00.000;165634.54;conversion;finance.rambler.ru / cpm;340
2023-07-01 00:00:00.000;3323623.83;conversion;google / organic;7941
2023-07-01 00:00:00.000;1852957.95;conversion;ios / mobile_app;4588
2023-07-01 00:00:00.000;168917.77;conversion;not-set / none;365
2023-07-01 00:00:00.000;130703.46;conversion;pikabu.ru / cpm;356
2023-07-01 00:00:00.000;172647.62;conversion;regular / email;401
2023-07-01 00:00:00.000;126200.49;conversion;regular / sms;329
2023-07-01 00:00:00.000;457437.36;conversion;ru.android.bankproduct / mobile_app;1131
2023-07-01 00:00:00.000;100554.34;conversion;ru.android.bankproduct_rustore / mobile_app;395
2023-07-01 00:00:00.000;103809.44;conversion;trigger / sms;318
2023-07-01 00:00:00.000;732250.58;conversion;vk / cpc;1768
2023-07-01 00:00:00.000;82218.96;conversion;web.telegram.org / referral ;335
2023-07-01 00:00:00.000;428388.17;conversion;ya.ru / cpc;1097
2023-07-01 00:00:00.000;148068.07;conversion;yahoo / organic;353
2023-07-01 00:00:00.000;1336726.17;conversion;yandex / cpc;3541
2023-07-01 00:00:00.000;2947820.43;conversion;yandex / organic;8216
2023-07-01 00:00:00.000;193790.16;conversion;zen.yandex.ru / cpm;344
2023-07-01 00:00:00.000;1879727.0;media;pikabu.ru / cpm;1
2023-07-01 00:00:00.000;5801066.0;media;som_adv / cpm;3
2023-07-01 00:00:00.000;;show;android / mobile_app;32365
2023-07-01 00:00:00.000;;show;bing / organic;6598
2023-07-01 00:00:00.000;;show;email / email;32576
2023-07-01 00:00:00.000;;show;finance.rambler.ru / cpm;6572
2023-07-01 00:00:00.000;;show;google / organic;142590
2023-07-01 00:00:00.000;;show;ios / mobile_app;84334
2023-07-01 00:00:00.000;;show;not-set / none;6616
2023-07-01 00:00:00.000;;show;pikabu.ru / cpm;6541
2023-07-01 00:00:00.000;;show;regular / email;6491
2023-07-01 00:00:00.000;;show;regular / sms;6560
2023-07-01 00:00:00.000;;show;ru.android.bankproduct / mobile_app;19390
2023-07-01 00:00:00.000;;show;ru.android.bankproduct_rustore / mobile_app;6485
2023-07-01 00:00:00.000;;show;trigger / sms;6453
2023-07-01 00:00:00.000;;show;vk / cpc;32518
2023-07-01 00:00:00.000;;show;web.telegram.org / referral ;6533
2023-07-01 00:00:00.000;;show;ya.ru / cpc;19509
2023-07-01 00:00:00.000;;show;yahoo / organic;6362
2023-07-01 00:00:00.000;;show;yandex / cpc;65223
2023-07-01 00:00:00.000;;show;yandex / organic;149671
2023-07-01 00:00:00.000;;show;zen.yandex.ru / cpm;6446
2023-08-01 00:00:00.000;309033.73;click;android / mobile_app;8036
2023-08-01 00:00:00.000;68184.79;click;bing / organic;1646
2023-08-01 00:00:00.000;314828.98;click;email / email;8061
2023-08-01 00:00:00.000;65032.40;click;finance.rambler.ru / cpm;1579
2023-08-01 00:00:00.000;1395413.63;click;google / organic;35722
2023-08-01 00:00:00.000;817695.51;click;ios / mobile_app;20889
2023-08-01 00:00:00.000;61001.65;click;not-set / none;1558
2023-08-01 00:00:00.000;62435.13;click;pikabu.ru / cpm;1625
2023-08-01 00:00:00.000;60747.26;click;regular / email;1561
2023-08-01 00:00:00.000;66218.61;click;regular / sms;1682
2023-08-01 00:00:00.000;179898.30;click;ru.android.bankproduct / mobile_app;4836
2023-08-01 00:00:00.000;62979.51;click;ru.android.bankproduct_rustore / mobile_app;1662
2023-08-01 00:00:00.000;60718.93;click;trigger / sms;1660
2023-08-01 00:00:00.000;321829.27;click;vk / cpc;8200
2023-08-01 00:00:00.000;68115.04;click;web.telegram.org / referral ;1606
2023-08-01 00:00:00.000;191342.40;click;ya.ru / cpc;4830
2023-08-01 00:00:00.000;61074.42;click;yahoo / organic;1626
2023-08-01 00:00:00.000;631629.66;click;yandex / cpc;16544
2023-08-01 00:00:00.000;1446131.46;click;yandex / organic;37387
2023-08-01 00:00:00.000;62266.67;click;zen.yandex.ru / cpm;1562
2023-08-01 00:00:00.000;697999.37;conversion;android / mobile_app;1768
2023-08-01 00:00:00.000;173835.31;conversion;bing / organic;382
2023-08-01 00:00:00.000;640377.50;conversion;email / email;1748
2023-08-01 00:00:00.000;160356.73;conversion;finance.rambler.ru / cpm;363
2023-08-01 00:00:00.000;3140812.17;conversion;google / organic;7853
2023-08-01 00:00:00.000;1829704.91;conversion;ios / mobile_app;4688
2023-08-01 00:00:00.000;136779.78;conversion;not-set / none;387
2023-08-01 00:00:00.000;100072.61;conversion;pikabu.ru / cpm;352
2023-08-01 00:00:00.000;142416.05;conversion;regular / email;369
2023-08-01 00:00:00.000;150630.96;conversion;regular / sms;338
2023-08-01 00:00:00.000;403481.81;conversion;ru.android.bankproduct / mobile_app;1096
2023-08-01 00:00:00.000;170994.83;conversion;ru.android.bankproduct_rustore / mobile_app;394
2023-08-01 00:00:00.000;197536.34;conversion;trigger / sms;381
2023-08-01 00:00:00.000;621462.39;conversion;vk / cpc;1755
2023-08-01 00:00:00.000;164223.65;conversion;web.telegram.org / referral ;368
2023-08-01 00:00:00.000;426255.80;conversion;ya.ru / cpc;1087
2023-08-01 00:00:00.000;143561.72;conversion;yahoo / organic;350
2023-08-01 00:00:00.000;1450099.90;conversion;yandex / cpc;3568
2023-08-01 00:00:00.000;3120315.60;conversion;yandex / organic;8281
2023-08-01 00:00:00.000;154329.55;conversion;zen.yandex.ru / cpm;355
2023-08-01 00:00:00.000;2008167.0;media;finance.rambler.ru / cpm;1
2023-08-01 00:00:00.000;9941175.0;media;som_adv / cpm;5
2023-08-01 00:00:00.000;3894269.0;media;zen.yandex.ru / cpm;2
2023-08-01 00:00:00.000;;show;android / mobile_app;32534
2023-08-01 00:00:00.000;;show;bing / organic;6555
2023-08-01 00:00:00.000;;show;email / email;32408
2023-08-01 00:00:00.000;;show;finance.rambler.ru / cpm;6621
2023-08-01 00:00:00.000;;show;google / organic;142861
2023-08-01 00:00:00.000;;show;ios / mobile_app;84230
2023-08-01 00:00:00.000;;show;not-set / none;6584
2023-08-01 00:00:00.000;;show;pikabu.ru / cpm;6456
2023-08-01 00:00:00.000;;show;regular / email;6404
2023-08-01 00:00:00.000;;show;regular / sms;6470
2023-08-01 00:00:00.000;;show;ru.android.bankproduct / mobile_app;19553
2023-08-01 00:00:00.000;;show;ru.android.bankproduct_rustore / mobile_app;6588
2023-08-01 00:00:00.000;;show;trigger / sms;6507
2023-08-01 00:00:00.000;;show;vk / cpc;32585
2023-08-01 00:00:00.000;;show;web.telegram.org / referral ;6567
2023-08-01 00:00:00.000;;show;ya.ru / cpc;19519
2023-08-01 00:00:00.000;;show;yahoo / organic;6516
2023-08-01 00:00:00.000;;show;yandex / cpc;64373
2023-08-01 00:00:00.000;;show;yandex / organic;148746
2023-08-01 00:00:00.000;;show;zen.yandex.ru / cpm;6424
2023-09-01 00:00:00.000;305876.64;click;android / mobile_app;7803
2023-09-01 00:00:00.000;59604.62;click;bing / organic;1533
2023-09-01 00:00:00.000;305163.84;click;email / email;7909
2023-09-01 00:00:00.000;63235.19;click;finance.rambler.ru / cpm;1579
2023-09-01 00:00:00.000;1360422.51;click;google / organic;34680
2023-09-01 00:00:00.000;812116.24;click;ios / mobile_app;20575
2023-09-01 00:00:00.000;64836.10;click;not-set / none;1595
2023-09-01 00:00:00.000;63204.03;click;pikabu.ru / cpm;1568
2023-09-01 00:00:00.000;61566.52;click;regular / email;1585
2023-09-01 00:00:00.000;56943.91;click;regular / sms;1578
2023-09-01 00:00:00.000;191133.67;click;ru.android.bankproduct / mobile_app;4832
2023-09-01 00:00:00.000;64448.91;click;ru.android.bankproduct_rustore / mobile_app;1551
2023-09-01 00:00:00.000;62421.74;click;trigger / sms;1587
2023-09-01 00:00:00.000;306896.38;click;vk / cpc;8011
2023-09-01 00:00:00.000;56861.68;click;web.telegram.org / referral ;1536
2023-09-01 00:00:00.000;184888.49;click;ya.ru / cpc;4708
2023-09-01 00:00:00.000;62640.45;click;yahoo / organic;1610
2023-09-01 00:00:00.000;616419.07;click;yandex / cpc;15792
2023-09-01 00:00:00.000;1427992.89;click;yandex / organic;36266
2023-09-01 00:00:00.000;67517.97;click;zen.yandex.ru / cpm;1607
2023-09-01 00:00:00.000;679246.27;conversion;android / mobile_app;1711
2023-09-01 00:00:00.000;101782.34;conversion;bing / organic;330
2023-09-01 00:00:00.000;651536.20;conversion;email / email;1774
2023-09-01 00:00:00.000;144174.82;conversion;finance.rambler.ru / cpm;330
2023-09-01 00:00:00.000;2962555.74;conversion;google / organic;7429
2023-09-01 00:00:00.000;1794520.93;conversion;ios / mobile_app;4502
2023-09-01 00:00:00.000;141125.18;conversion;not-set / none;372
2023-09-01 00:00:00.000;118520.54;conversion;pikabu.ru / cpm;342
2023-09-01 00:00:00.000;165744.91;conversion;regular / email;352
2023-09-01 00:00:00.000;135707.82;conversion;regular / sms;333
2023-09-01 00:00:00.000;376917.49;conversion;ru.android.bankproduct / mobile_app;1046
2023-09-01 00:00:00.000;189053.84;conversion;ru.android.bankproduct_rustore / mobile_app;374
2023-09-01 00:00:00.000;166524.80;conversion;trigger / sms;318
2023-09-01 00:00:00.000;768791.31;conversion;vk / cpc;1760
2023-09-01 00:00:00.000;147745.10;conversion;web.telegram.org / referral ;352
2023-09-01 00:00:00.000;409490.69;conversion;ya.ru / cpc;1046
2023-09-01 00:00:00.000;121747.56;conversion;yahoo / organic;349
2023-09-01 00:00:00.000;1399229.52;conversion;yandex / cpc;3492
2023-09-01 00:00:00.000;3106501.40;conversion;yandex / organic;7955
2023-09-01 00:00:00.000;159417.81;conversion;zen.yandex.ru / cpm;366
2023-09-01 00:00:00.000;3938058.0;media;finance.rambler.ru / cpm;2
2023-09-01 00:00:00.000;6161641.0;media;som_adv / cpm;3
2023-09-01 00:00:00.000;6061575.0;media;zen.yandex.ru / cpm;3
2023-09-01 00:00:00.000;;show;android / mobile_app;31593
2023-09-01 00:00:00.000;;show;bing / organic;6431
2023-09-01 00:00:00.000;;show;email / email;31361
2023-09-01 00:00:00.000;;show;finance.rambler.ru / cpm;6327
2023-09-01 00:00:00.000;;show;google / organic;139135
2023-09-01 00:00:00.000;;show;ios / mobile_app;81812
2023-09-01 00:00:00.000;;show;not-set / none;6445
2023-09-01 00:00:00.000;;show;pikabu.ru / cpm;6242
2023-09-01 00:00:00.000;;show;regular / email;6352
2023-09-01 00:00:00.000;;show;regular / sms;6326
2023-09-01 00:00:00.000;;show;ru.android.bankproduct / mobile_app;18941
2023-09-01 00:00:00.000;;show;ru.android.bankproduct_rustore / mobile_app;6239
2023-09-01 00:00:00.000;;show;trigger / sms;6324
2023-09-01 00:00:00.000;;show;vk / cpc;31456
2023-09-01 00:00:00.000;;show;web.telegram.org / referral ;6218
2023-09-01 00:00:00.000;;show;ya.ru / cpc;19125
2023-09-01 00:00:00.000;;show;yahoo / organic;6231
2023-09-01 00:00:00.000;;show;yandex / cpc;63305
2023-09-01 00:00:00.000;;show;yandex / organic;145476
2023-09-01 00:00:00.000;;show;zen.yandex.ru / cpm;6235
2023-10-01 00:00:00.000;316877.57;click;android / mobile_app;8100
2023-10-01 00:00:00.000;64424.25;click;bing / organic;1628
2023-10-01 00:00:00.000;313404.69;click;email / email;8143
2023-10-01 00:00:00.000;57897.15;click;finance.rambler.ru / cpm;1638
2023-10-01 00:00:00.000;1380374.26;click;google / organic;35874
2023-10-01 00:00:00.000;827180.36;click;ios / mobile_app;20821
2023-10-01 00:00:00.000;63035.12;click;not-set / none;1653
2023-10-01 00:00:00.000;57251.82;click;pikabu.ru / cpm;1591
2023-10-01 00:00:00.000;62315.02;click;regular / email;1630
2023-10-01 00:00:00.000;66737.13;click;regular / sms;1652
2023-10-01 00:00:00.000;197751.04;click;ru.android.bankproduct / mobile_app;4892
2023-10-01 00:00:00.000;61279.08;click;ru.android.bankproduct_rustore / mobile_app;1625
2023-10-01 00:00:00.000;64148.88;click;trigger / sms;1655
2023-10-01 00:00:00.000;322618.17;click;vk / cpc;8308
2023-10-01 00:00:00.000;61481.18;click;web.telegram.org / referral ;1565
2023-10-01 00:00:00.000;187696.89;click;ya.ru / cpc;4802
2023-10-01 00:00:00.000;62716.58;click;yahoo / organic;1619
2023-10-01 00:00:00.000;626477.10;click;yandex / cpc;16190
2023-10-01 00:00:00.000;1473276.40;click;yandex / organic;37187
2023-10-01 00:00:00.000;64329.19;click;zen.yandex.ru / cpm;1605
2023-10-01 00:00:00.000;685908.17;conversion;android / mobile_app;1750
2023-10-01 00:00:00.000;148461.97;conversion;bing / organic;354
2023-10-01 00:00:00.000;696675.52;conversion;email / email;1755
2023-10-01 00:00:00.000;125298.70;conversion;finance.rambler.ru / cpm;358
2023-10-01 00:00:00.000;3190412.22;conversion;google / organic;7991
2023-10-01 00:00:00.000;1826934.51;conversion;ios / mobile_app;4618
2023-10-01 00:00:00.000;137738.45;conversion;not-set / none;322
2023-10-01 00:00:00.000;159590.45;conversion;pikabu.ru / cpm;331
2023-10-01 00:00:00.000;135928.19;conversion;regular / email;357
2023-10-01 00:00:00.000;114237.20;conversion;regular / sms;326
2023-10-01 00:00:00.000;471462.07;conversion;ru.android.bankproduct / mobile_app;1116
2023-10-01 00:00:00.000;159994.22;conversion;ru.android.bankproduct_rustore / mobile_app;352
2023-10-01 00:00:00.000;188938.01;conversion;trigger / sms;384
2023-10-01 00:00:00.000;678456.67;conversion;vk / cpc;1808
2023-10-01 00:00:00.000;153140.27;conversion;web.telegram.org / referral ;372
2023-10-01 00:00:00.000;385658.01;conversion;ya.ru / cpc;1054
2023-10-01 00:00:00.000;141448.45;conversion;yahoo / organic;375
2023-10-01 00:00:00.000;1405707.77;conversion;yandex / cpc;3548
2023-10-01 00:00:00.000;3179036.60;conversion;yandex / organic;8062
2023-10-01 00:00:00.000;78131.37;conversion;zen.yandex.ru / cpm;313
2023-10-01 00:00:00.000;8048135.0;media;som_adv / cpm;4
2023-10-01 00:00:00.000;;show;android / mobile_app;32497
2023-10-01 00:00:00.000;;show;bing / organic;6554
2023-10-01 00:00:00.000;;show;email / email;32622
2023-10-01 00:00:00.000;;show;finance.rambler.ru / cpm;6528
2023-10-01 00:00:00.000;;show;google / organic;142679
2023-10-01 00:00:00.000;;show;ios / mobile_app;84081
2023-10-01 00:00:00.000;;show;not-set / none;6439
2023-10-01 00:00:00.000;;show;pikabu.ru / cpm;6602
2023-10-01 00:00:00.000;;show;regular / email;6517
2023-10-01 00:00:00.000;;show;regular / sms;6486
2023-10-01 00:00:00.000;;show;ru.android.bankproduct / mobile_app;19635
2023-10-01 00:00:00.000;;show;ru.android.bankproduct_rustore / mobile_app;6558
2023-10-01 00:00:00.000;;show;trigger / sms;6493
2023-10-01 00:00:00.000;;show;vk / cpc;32418
2023-10-01 00:00:00.000;;show;web.telegram.org / referral ;6610
2023-10-01 00:00:00.000;;show;ya.ru / cpc;19666
2023-10-01 00:00:00.000;;show;yahoo / organic;6462
2023-10-01 00:00:00.000;;show;yandex / cpc;65106
2023-10-01 00:00:00.000;;show;yandex / organic;149526
2023-10-01 00:00:00.000;;show;zen.yandex.ru / cpm;6483
2023-11-01 00:00:00.000;309235.27;click;android / mobile_app;7815
2023-11-01 00:00:00.000;58987.18;click;bing / organic;1550
2023-11-01 00:00:00.000;306871.30;click;email / email;7678
2023-11-01 00:00:00.000;63381.04;click;finance.rambler.ru / cpm;1566
2023-11-01 00:00:00.000;1353804.92;click;google / organic;34070
2023-11-01 00:00:00.000;781377.97;click;ios / mobile_app;20052
2023-11-01 00:00:00.000;53018.56;click;not-set / none;1482
2023-11-01 00:00:00.000;61576.15;click;pikabu.ru / cpm;1627
2023-11-01 00:00:00.000;62384.49;click;regular / email;1533
2023-11-01 00:00:00.000;53811.69;click;regular / sms;1568
2023-11-01 00:00:00.000;179181.73;click;ru.android.bankproduct / mobile_app;4697
2023-11-01 00:00:00.000;58082.55;click;ru.android.bankproduct_rustore / mobile_app;1565
2023-11-01 00:00:00.000;60367.12;click;trigger / sms;1483
2023-11-01 00:00:00.000;283391.52;click;vk / cpc;7658
2023-11-01 00:00:00.000;62632.53;click;web.telegram.org / referral ;1501
2023-11-01 00:00:00.000;197141.28;click;ya.ru / cpc;4716
2023-11-01 00:00:00.000;63078.53;click;yahoo / organic;1538
2023-11-01 00:00:00.000;600615.23;click;yandex / cpc;15559
2023-11-01 00:00:00.000;1398627.33;click;yandex / organic;35668
2023-11-01 00:00:00.000;60399.35;click;zen.yandex.ru / cpm;1555
2023-11-01 00:00:00.000;669903.71;conversion;android / mobile_app;1692
2023-11-01 00:00:00.000;155894.08;conversion;bing / organic;372
2023-11-01 00:00:00.000;726859.27;conversion;email / email;1700
2023-11-01 00:00:00.000;109690.12;conversion;finance.rambler.ru / cpm;327
2023-11-01 00:00:00.000;2944274.46;conversion;google / organic;7606
2023-11-01 00:00:00.000;1884422.49;conversion;ios / mobile_app;4477
2023-11-01 00:00:00.000;131202.96;conversion;not-set / none;356
2023-11-01 00:00:00.000;116448.39;conversion;pikabu.ru / cpm;322
2023-11-01 00:00:00.000;145314.28;conversion;regular / email;356
2023-11-01 00:00:00.000;122786.37;conversion;regular / sms;349
2023-11-01 00:00:00.000;404206.67;conversion;ru.android.bankproduct / mobile_app;1005
2023-11-01 00:00:00.000;146216.30;conversion;ru.android.bankproduct_rustore / mobile_app;308
2023-11-01 00:00:00.000;144692.51;conversion;trigger / sms;347
2023-11-01 00:00:00.000;666467.47;conversion;vk / cpc;1659
2023-11-01 00:00:00.000;127081.05;conversion;web.telegram.org / referral ;359
2023-11-01 00:00:00.000;385985.51;conversion;ya.ru / cpc;982
2023-11-01 00:00:00.000;130955.00;conversion;yahoo / organic;354
2023-11-01 00:00:00.000;1298602.57;conversion;yandex / cpc;3414
2023-11-01 00:00:00.000;3038689.75;conversion;yandex / organic;7815
2023-11-01 00:00:00.000;133343.40;conversion;zen.yandex.ru / cpm;329
2023-11-01 00:00:00.000;1757633.0;media;finance.rambler.ru / cpm;1
2023-11-01 00:00:00.000;4204241.0;media;som_adv / cpm;2
2023-11-01 00:00:00.000;;show;android / mobile_app;31064
2023-11-01 00:00:00.000;;show;bing / organic;6133
2023-11-01 00:00:00.000;;show;email / email;30876
2023-11-01 00:00:00.000;;show;finance.rambler.ru / cpm;6252
2023-11-01 00:00:00.000;;show;google / organic;135513
2023-11-01 00:00:00.000;;show;ios / mobile_app;80306
2023-11-01 00:00:00.000;;show;not-set / none;6195
2023-11-01 00:00:00.000;;show;pikabu.ru / cpm;6279
2023-11-01 00:00:00.000;;show;regular / email;6197
2023-11-01 00:00:00.000;;show;regular / sms;6234
2023-11-01 00:00:00.000;;show;ru.android.bankproduct / mobile_app;18476
2023-11-01 00:00:00.000;;show;ru.android.bankproduct_rustore / mobile_app;6199
2023-11-01 00:00:00.000;;show;trigger / sms;6149
2023-11-01 00:00:00.000;;show;vk / cpc;30617
2023-11-01 00:00:00.000;;show;web.telegram.org / referral ;6155
2023-11-01 00:00:00.000;;show;ya.ru / cpc;18420
2023-11-01 00:00:00.000;;show;yahoo / organic;6080
2023-11-01 00:00:00.000;;show;yandex / cpc;61842
2023-11-01 00:00:00.000;;show;yandex / organic;141431
2023-11-01 00:00:00.000;;show;zen.yandex.ru / cpm;6002
2023-12-01 00:00:00.000;247879.37;click;android / mobile_app;6300
2023-12-01 00:00:00.000;50429.08;click;bing / organic;1291
2023-12-01 00:00:00.000;235516.57;click;email / email;6152
2023-12-01 00:00:00.000;46488.21;click;finance.rambler.ru / cpm;1227
2023-12-01 00:00:00.000;1067793.52;click;google / organic;27441
2023-12-01 00:00:00.000;624019.66;click;ios / mobile_app;16341
2023-12-01 00:00:00.000;46318.63;click;not-set / none;1197
2023-12-01 00:00:00.000;51978.63;click;pikabu.ru / cpm;1256
2023-12-01 00:00:00.000;50752.95;click;regular / email;1252
2023-12-01 00:00:00.000;49504.09;click;regular / sms;1237
2023-12-01 00:00:00.000;146546.77;click;ru.android.bankproduct / mobile_app;3715
2023-12-01 00:00:00.000;49882.27;click;ru.android.bankproduct_rustore / mobile_app;1237
2023-12-01 00:00:00.000;49223.68;click;trigger / sms;1254
2023-12-01 00:00:00.000;246331.34;click;vk / cpc;6262
2023-12-01 00:00:00.000;48642.38;click;web.telegram.org / referral ;1275
2023-12-01 00:00:00.000;142527.12;click;ya.ru / cpc;3767
2023-12-01 00:00:00.000;55556.11;click;yahoo / organic;1305
2023-12-01 00:00:00.000;502958.09;click;yandex / cpc;12654
2023-12-01 00:00:00.000;1124530.91;click;yandex / organic;29092
2023-12-01 00:00:00.000;49149.29;click;zen.yandex.ru / cpm;1272
2023-12-01 00:00:00.000;539324.12;conversion;android / mobile_app;1333
2023-12-01 00:00:00.000;89237.89;conversion;bing / organic;272
2023-12-01 00:00:00.000;544064.79;conversion;email / email;1371
2023-12-01 00:00:00.000;118244.70;conversion;finance.rambler.ru / cpm;262
2023-12-01 00:00:00.000;2409661.55;conversion;google / organic;6190
2023-12-01 00:00:00.000;1377074.33;conversion;ios / mobile_app;3602
2023-12-01 00:00:00.000;146188.97;conversion;not-set / none;297
2023-12-01 00:00:00.000;92018.02;conversion;pikabu.ru / cpm;308
2023-12-01 00:00:00.000;130019.62;conversion;regular / email;284
2023-12-01 00:00:00.000;83906.71;conversion;regular / sms;276
2023-12-01 00:00:00.000;345994.36;conversion;ru.android.bankproduct / mobile_app;826
2023-12-01 00:00:00.000;119146.48;conversion;ru.android.bankproduct_rustore / mobile_app;264
2023-12-01 00:00:00.000;100763.95;conversion;trigger / sms;285
2023-12-01 00:00:00.000;555988.07;conversion;vk / cpc;1384
2023-12-01 00:00:00.000;83122.54;conversion;web.telegram.org / referral ;279
2023-12-01 00:00:00.000;333025.89;conversion;ya.ru / cpc;815
2023-12-01 00:00:00.000;102333.50;conversion;yahoo / organic;270
2023-12-01 00:00:00.000;1207382.46;conversion;yandex / cpc;2798
2023-12-01 00:00:00.000;2311253.61;conversion;yandex / organic;6202
2023-12-01 00:00:00.000;120428.99;conversion;zen.yandex.ru / cpm;277
2023-12-01 00:00:00.000;8128994.0;media;som_adv / cpm;4
2023-12-01 00:00:00.000;;show;android / mobile_app;25166
2023-12-01 00:00:00.000;;show;bing / organic;5054
2023-12-01 00:00:00.000;;show;email / email;25033
2023-12-01 00:00:00.000;;show;finance.rambler.ru / cpm;4957
2023-12-01 00:00:00.000;;show;google / organic;111330
2023-12-01 00:00:00.000;;show;ios / mobile_app;64791
2023-12-01 00:00:00.000;;show;not-set / none;5013
2023-12-01 00:00:00.000;;show;pikabu.ru / cpm;4993
2023-12-01 00:00:00.000;;show;regular / email;5087
2023-12-01 00:00:00.000;;show;regular / sms;5014
2023-12-01 00:00:00.000;;show;ru.android.bankproduct / mobile_app;14855
2023-12-01 00:00:00.000;;show;ru.android.bankproduct_rustore / mobile_app;4919
2023-12-01 00:00:00.000;;show;trigger / sms;5086
2023-12-01 00:00:00.000;;show;vk / cpc;25255
2023-12-01 00:00:00.000;;show;web.telegram.org / referral ;4959
2023-12-01 00:00:00.000;;show;ya.ru / cpc;15168
2023-12-01 00:00:00.000;;show;yahoo / organic;5002
2023-12-01 00:00:00.000;;show;yandex / cpc;50015
2023-12-01 00:00:00.000;;show;yandex / organic;115943
2023-12-01 00:00:00.000;;show;zen.yandex.ru / cpm;5118
2024-01-01 00:00:00.000;79542.87;click;android / mobile_app;2112
2024-01-01 00:00:00.000;15400.46;click;bing / organic;399
2024-01-01 00:00:00.000;74781.34;click;email / email;1979
2024-01-01 00:00:00.000;18468.39;click;finance.rambler.ru / cpm;414
2024-01-01 00:00:00.000;357374.52;click;google / organic;9187
2024-01-01 00:00:00.000;203642.27;click;ios / mobile_app;5458
2024-01-01 00:00:00.000;15896.93;click;not-set / none;417
2024-01-01 00:00:00.000;17595.13;click;pikabu.ru / cpm;409
2024-01-01 00:00:00.000;17209.85;click;regular / email;414
2024-01-01 00:00:00.000;21313.57;click;regular / sms;459
2024-01-01 00:00:00.000;45376.51;click;ru.android.bankproduct / mobile_app;1187
2024-01-01 00:00:00.000;16247.90;click;ru.android.bankproduct_rustore / mobile_app;437
2024-01-01 00:00:00.000;16417.84;click;trigger / sms;407
2024-01-01 00:00:00.000;76822.69;click;vk / cpc;2053
2024-01-01 00:00:00.000;17256.19;click;web.telegram.org / referral ;400
2024-01-01 00:00:00.000;48816.67;click;ya.ru / cpc;1243
2024-01-01 00:00:00.000;17096.36;click;yahoo / organic;410
2024-01-01 00:00:00.000;171248.15;click;yandex / cpc;4227
2024-01-01 00:00:00.000;369524.53;click;yandex / organic;9462
2024-01-01 00:00:00.000;16181.71;click;zen.yandex.ru / cpm;407
2024-01-01 00:00:00.000;209274.45;conversion;android / mobile_app;446
2024-01-01 00:00:00.000;24723.72;conversion;bing / organic;103
2024-01-01 00:00:00.000;178839.16;conversion;email / email;444
2024-01-01 00:00:00.000;46960.81;conversion;finance.rambler.ru / cpm;94
2024-01-01 00:00:00.000;758695.22;conversion;google / organic;1934
2024-01-01 00:00:00.000;357734.73;conversion;ios / mobile_app;1089
2024-01-01 00:00:00.000;20127.91;conversion;not-set / none;93
2024-01-01 00:00:00.000;41615.26;conversion;pikabu.ru / cpm;83
2024-01-01 00:00:00.000;58444.02;conversion;regular / email;88
2024-01-01 00:00:00.000;46696.17;conversion;regular / sms;76
2024-01-01 00:00:00.000;76462.74;conversion;ru.android.bankproduct / mobile_app;261
2024-01-01 00:00:00.000;80763.66;conversion;ru.android.bankproduct_rustore / mobile_app;106
2024-01-01 00:00:00.000;56761.55;conversion;trigger / sms;104
2024-01-01 00:00:00.000;155064.50;conversion;vk / cpc;473
2024-01-01 00:00:00.000;23878.28;conversion;web.telegram.org / referral ;91
2024-01-01 00:00:00.000;97201.69;conversion;ya.ru / cpc;288
2024-01-01 00:00:00.000;45829.73;conversion;yahoo / organic;97
2024-01-01 00:00:00.000;361572.25;conversion;yandex / cpc;924
2024-01-01 00:00:00.000;907286.07;conversion;yandex / organic;2089
2024-01-01 00:00:00.000;33851.50;conversion;zen.yandex.ru / cpm;93
2024-01-01 00:00:00.000;;show;android / mobile_app;8390
2024-01-01 00:00:00.000;;show;bing / organic;1742
2024-01-01 00:00:00.000;;show;email / email;8345
2024-01-01 00:00:00.000;;show;finance.rambler.ru / cpm;1705
2024-01-01 00:00:00.000;;show;google / organic;36825
2024-01-01 00:00:00.000;;show;ios / mobile_app;21927
2024-01-01 00:00:00.000;;show;not-set / none;1718
2024-01-01 00:00:00.000;;show;pikabu.ru / cpm;1685
2024-01-01 00:00:00.000;;show;regular / email;1718
2024-01-01 00:00:00.000;;show;regular / sms;1670
2024-01-01 00:00:00.000;;show;ru.android.bankproduct / mobile_app;4926
2024-01-01 00:00:00.000;;show;ru.android.bankproduct_rustore / mobile_app;1601
2024-01-01 00:00:00.000;;show;trigger / sms;1654
2024-01-01 00:00:00.000;;show;vk / cpc;8435
2024-01-01 00:00:00.000;;show;web.telegram.org / referral ;1673
2024-01-01 00:00:00.000;;show;ya.ru / cpc;4892
2024-01-01 00:00:00.000;;show;yahoo / organic;1586
2024-01-01 00:00:00.000;;show;yandex / cpc;16718
2024-01-01 00:00:00.000;;show;yandex / organic;38630
2024-01-01 00:00:00.000;;show;zen.yandex.ru / cpm;1690
2024-02-01 00:00:00.000;0.0;click;android / mobile_app;2
2024-02-01 00:00:00.000;209.65;click;google / organic;3
2024-02-01 00:00:00.000;264.03;click;ios / mobile_app;4
2024-02-01 00:00:00.000;0.0;click;not-set / none;1
2024-02-01 00:00:00.000;236.77;click;ru.android.bankproduct / mobile_app;1
2024-02-01 00:00:00.000;278.54;click;vk / cpc;5
2024-02-01 00:00:00.000;0.0;click;yandex / cpc;1
2024-02-01 00:00:00.000;0.0;click;yandex / organic;5
2024-02-01 00:00:00.000;785.68;conversion;ios / mobile_app;1
2024-02-01 00:00:00.000;;conversion;yahoo / organic;1
2024-02-01 00:00:00.000;0.0;conversion;yandex / organic;2
2024-02-01 00:00:00.000;;show;android / mobile_app;4
2024-02-01 00:00:00.000;;show;bing / organic;1
2024-02-01 00:00:00.000;;show;email / email;2
2024-02-01 00:00:00.000;;show;finance.rambler.ru / cpm;2
2024-02-01 00:00:00.000;;show;google / organic;14
2024-02-01 00:00:00.000;;show;ios / mobile_app;11
2024-02-01 00:00:00.000;;show;not-set / none;1
2024-02-01 00:00:00.000;;show;pikabu.ru / cpm;2
2024-02-01 00:00:00.000;;show;ru.android.bankproduct / mobile_app;2
2024-02-01 00:00:00.000;;show;ru.android.bankproduct_rustore / mobile_app;2
2024-02-01 00:00:00.000;;show;trigger / sms;2
2024-02-01 00:00:00.000;;show;vk / cpc;6
2024-02-01 00:00:00.000;;show;ya.ru / cpc;5
2024-02-01 00:00:00.000;;show;yandex / cpc;6
2024-02-01 00:00:00.000;;show;yandex / organic;31
